Waiting_Time_Type,Teta,Mu,Lambda,Analysis_type,PB,PD,PD1,PD2
Constant,2,1,0.1,Simulation,0.0,0.156417,0.079815,0.076602
Exponential,2,1,0.1,Simulation,0.0,0.344305,0.173447,0.170858
Constant,2,1,0.2,Simulation,0.0,0.178184,0.092946,0.085238
Exponential,2,1,0.2,Simulation,0.0,0.355224,0.179275,0.175949
Constant,2,1,0.3,Simulation,0.0,0.201332,0.106562,0.09477
Exponential,2,1,0.3,Simulation,0.0,0.369203,0.187468,0.181735
Constant,2,1,0.4,Simulation,0.0,0.223717,0.11938,0.104337
Exponential,2,1,0.4,Simulation,0.0,0.379511,0.193826,0.185685
Constant,2,1,0.5,Simulation,0.0,0.247134,0.13301,0.114124
Exponential,2,1,0.5,Simulation,0.0,0.392491,0.201536,0.190955
Constant,2,1,0.6,Simulation,0.0,0.269525,0.146575,0.12295
Exponential,2,1,0.6,Simulation,0.0,0.404855,0.208567,0.196288
Constant,2,1,0.7,Simulation,0.0,0.292633,0.159937,0.132696
Exponential,2,1,0.7,Simulation,0.0,0.417109,0.215989,0.20112
Constant,2,1,0.8,Simulation,0.0,0.315157,0.172245,0.142912
Exponential,2,1,0.8,Simulation,0.0,0.429363,0.222896,0.206467
Constant,2,1,0.9,Simulation,0.0,0.337785,0.185474,0.152311
Exponential,2,1,0.9,Simulation,0.0,0.44292,0.230485,0.212435
Constant,2,1,1.0,Simulation,2e-06,0.360136,0.198567,0.161569
Exponential,2,1,1.0,Simulation,1e-06,0.455665,0.237837,0.217828
Constant,2,1,1.1,Simulation,1e-06,0.38297,0.21139,0.17158
Exponential,2,1,1.1,Simulation,0.0,0.468298,0.245731,0.222567
Constant,2,1,1.2,Simulation,0.0,0.40219,0.222383,0.179807
Exponential,2,1,1.2,Simulation,0.0,0.481127,0.252957,0.22817
Constant,2,1,1.3,Simulation,3e-06,0.423106,0.234153,0.188953
Exponential,2,1,1.3,Simulation,0.0,0.495573,0.261004,0.234569
Constant,2,1,1.4,Simulation,5e-06,0.442752,0.245284,0.197468
Exponential,2,1,1.4,Simulation,3e-06,0.505835,0.266885,0.23895
Constant,2,1,1.5,Simulation,1.3e-05,0.461584,0.255905,0.205679
Exponential,2,1,1.5,Simulation,3e-06,0.520041,0.275266,0.244775
Constant,2,1,1.6,Simulation,4.3e-05,0.481191,0.267283,0.213908
Exponential,2,1,1.6,Simulation,9e-06,0.532715,0.281829,0.250886
Constant,2,1,1.7,Simulation,5.9e-05,0.499767,0.27635,0.223417
Exponential,2,1,1.7,Simulation,7e-06,0.54431,0.289013,0.255297
Constant,2,1,1.8,Simulation,8.1e-05,0.516804,0.28698,0.229824
Exponential,2,1,1.8,Simulation,1.1e-05,0.556,0.295901,0.260099
Constant,2,1,1.9,Simulation,0.000192,0.533195,0.294701,0.238494
Exponential,2,1,1.9,Simulation,4.3e-05,0.568689,0.302517,0.266172
Constant,2,1,2.0,Simulation,0.000231,0.549421,0.303559,0.245862
Exponential,2,1,2.0,Simulation,6.4e-05,0.580239,0.309644,0.270595
Constant,2,1,2.1,Simulation,0.000342,0.564559,0.312371,0.252188
Exponential,2,1,2.1,Simulation,0.000121,0.592715,0.315853,0.276862
Constant,2,1,2.2,Simulation,0.000485,0.57948,0.319743,0.259737
Exponential,2,1,2.2,Simulation,0.000147,0.603606,0.321803,0.281803
Constant,2,1,2.3,Simulation,0.000792,0.593058,0.327178,0.26588
Exponential,2,1,2.3,Simulation,0.000242,0.614209,0.327588,0.286621
Constant,2,1,2.4,Simulation,0.001062,0.605913,0.333423,0.27249
Exponential,2,1,2.4,Simulation,0.000318,0.624033,0.3327,0.291333
Constant,2,1,2.5,Simulation,0.00147,0.617777,0.340254,0.277523
Exponential,2,1,2.5,Simulation,0.000462,0.634302,0.338385,0.295917
Constant,2,1,2.6,Simulation,0.002034,0.629451,0.345863,0.283588
Exponential,2,1,2.6,Simulation,0.000602,0.643874,0.343422,0.300452
Constant,2,1,2.7,Simulation,0.002666,0.640937,0.351966,0.288971
Exponential,2,1,2.7,Simulation,0.001008,0.653864,0.348614,0.30525
Constant,2,1,2.8,Simulation,0.003344,0.649679,0.356426,0.293253
Exponential,2,1,2.8,Simulation,0.001335,0.662193,0.353076,0.309117
Constant,2,1,2.9,Simulation,0.004504,0.660271,0.360608,0.299663
Exponential,2,1,2.9,Simulation,0.001693,0.671005,0.357645,0.31336
Constant,2,1,3.0,Simulation,0.005563,0.667748,0.365358,0.30239
Exponential,2,1,3.0,Simulation,0.00229,0.679106,0.363245,0.315861
Constant,2,1,3.1,Simulation,0.006933,0.676599,0.368506,0.308093
Exponential,2,1,3.1,Simulation,0.003004,0.687647,0.367082,0.320565
Constant,2,1,3.2,Simulation,0.00872,0.684173,0.372554,0.311619
Exponential,2,1,3.2,Simulation,0.00376,0.695285,0.370484,0.324801
Constant,2,1,3.3,Simulation,0.010388,0.690988,0.376058,0.31493
Exponential,2,1,3.3,Simulation,0.004717,0.700365,0.372776,0.327589
Constant,2,1,3.4,Simulation,0.012581,0.696869,0.379447,0.317422
Exponential,2,1,3.4,Simulation,0.006062,0.708742,0.37728,0.331462
Constant,2,1,3.5,Simulation,0.01499,0.702763,0.381754,0.321009
Exponential,2,1,3.5,Simulation,0.007443,0.71383,0.380184,0.333646
Constant,2,1,3.6,Simulation,0.018116,0.706822,0.383357,0.323465
Exponential,2,1,3.6,Simulation,0.008855,0.719136,0.38318,0.335956
Constant,2,1,3.7,Simulation,0.020689,0.711267,0.384304,0.326963
Exponential,2,1,3.7,Simulation,0.010329,0.723198,0.384427,0.338771
Constant,2,1,3.8,Simulation,0.024086,0.714325,0.385946,0.328379
Exponential,2,1,3.8,Simulation,0.01262,0.727182,0.387366,0.339816
Constant,2,1,3.9,Simulation,0.027402,0.716213,0.386644,0.329569
Exponential,2,1,3.9,Simulation,0.014787,0.732549,0.389275,0.343274
Constant,2,1,4.0,Simulation,0.031204,0.719857,0.388142,0.331715
Exponential,2,1,4.0,Simulation,0.017453,0.735129,0.391009,0.34412
Constant,2,1,4.1,Simulation,0.036177,0.720615,0.388403,0.332212
Exponential,2,1,4.1,Simulation,0.019989,0.738378,0.392467,0.345911
Constant,2,1,4.2,Simulation,0.040283,0.722284,0.389217,0.333067
Exponential,2,1,4.2,Simulation,0.023353,0.740164,0.393307,0.346857
Constant,2,1,4.3,Simulation,0.04564,0.723015,0.389303,0.333712
Exponential,2,1,4.3,Simulation,0.026643,0.742681,0.395264,0.347417
Constant,2,1,4.4,Simulation,0.050803,0.722404,0.388087,0.334317
Exponential,2,1,4.4,Simulation,0.029496,0.744812,0.394911,0.349901
Constant,2,1,4.5,Simulation,0.054954,0.722765,0.387976,0.334789
Exponential,2,1,4.5,Simulation,0.034229,0.745547,0.394065,0.351482
Constant,2,1,4.6,Simulation,0.060952,0.722484,0.387591,0.334893
Exponential,2,1,4.6,Simulation,0.037832,0.746516,0.395431,0.351085
Constant,2,1,4.7,Simulation,0.067435,0.720741,0.38639,0.334351
Exponential,2,1,4.7,Simulation,0.042455,0.746154,0.396094,0.35006
Constant,2,1,4.8,Simulation,0.073125,0.719248,0.385875,0.333373
Exponential,2,1,4.8,Simulation,0.046921,0.745733,0.395075,0.350658
Constant,2,1,4.9,Simulation,0.078451,0.717083,0.383481,0.333602
Exponential,2,1,4.9,Simulation,0.052386,0.744986,0.394449,0.350537
Constant,2,1,5.0,Simulation,0.084899,0.714857,0.381907,0.33295
Exponential,2,1,5.0,Simulation,0.05682,0.744035,0.393765,0.35027
Constant,2,1,5.1,Simulation,0.091475,0.712471,0.381143,0.331328
Exponential,2,1,5.1,Simulation,0.061702,0.742287,0.392813,0.349474
Constant,2,1,5.2,Simulation,0.098277,0.709367,0.379649,0.329718
Exponential,2,1,5.2,Simulation,0.067348,0.740925,0.392761,0.348164
Constant,2,1,5.3,Simulation,0.104975,0.705715,0.376805,0.32891
Exponential,2,1,5.3,Simulation,0.072829,0.738852,0.389831,0.349021
Constant,2,1,5.4,Simulation,0.112555,0.70177,0.374436,0.327334
Exponential,2,1,5.4,Simulation,0.07918,0.735212,0.388059,0.347153
Constant,2,1,5.5,Simulation,0.119183,0.698993,0.373081,0.325912
Exponential,2,1,5.5,Simulation,0.084952,0.733121,0.387529,0.345592
Constant,2,1,5.6,Simulation,0.126148,0.695462,0.370649,0.324813
Exponential,2,1,5.6,Simulation,0.09007,0.731252,0.387125,0.344127
Constant,2,1,5.7,Simulation,0.134085,0.690896,0.368666,0.32223
Exponential,2,1,5.7,Simulation,0.098566,0.727258,0.383721,0.343537
Constant,2,1,5.8,Simulation,0.139951,0.687696,0.366527,0.321169
Exponential,2,1,5.8,Simulation,0.103722,0.723133,0.381674,0.341459
Constant,2,1,5.9,Simulation,0.147611,0.682513,0.362861,0.319652
Exponential,2,1,5.9,Simulation,0.11123,0.719271,0.379092,0.340179
Constant,2,1,6.0,Simulation,0.155071,0.67749,0.360809,0.316681
Exponential,2,1,6.0,Simulation,0.117985,0.71492,0.3772,0.33772
Constant,2,1,6.1,Simulation,0.163579,0.672754,0.358433,0.314321
Exponential,2,1,6.1,Simulation,0.124056,0.711924,0.375251,0.336673
Constant,2,1,6.2,Simulation,0.169854,0.669153,0.356563,0.31259
Exponential,2,1,6.2,Simulation,0.131068,0.708209,0.373919,0.33429
Constant,2,1,6.3,Simulation,0.176679,0.664465,0.354114,0.310351
Exponential,2,1,6.3,Simulation,0.137328,0.703879,0.370434,0.333445
Constant,2,1,6.4,Simulation,0.184434,0.65943,0.349792,0.309638
Exponential,2,1,6.4,Simulation,0.143673,0.700138,0.368453,0.331685
Constant,2,1,6.5,Simulation,0.191165,0.654629,0.348078,0.306551
Exponential,2,1,6.5,Simulation,0.150474,0.695835,0.36642,0.329415
Constant,2,1,6.6,Simulation,0.198951,0.649301,0.34629,0.303011
Exponential,2,1,6.6,Simulation,0.158076,0.690761,0.363309,0.327452
Constant,2,1,6.7,Simulation,0.20716,0.644083,0.341348,0.302735
Exponential,2,1,6.7,Simulation,0.164861,0.686332,0.359884,0.326448
Constant,2,1,6.8,Simulation,0.215327,0.637741,0.339376,0.298365
Exponential,2,1,6.8,Simulation,0.171855,0.680787,0.358185,0.322602
Constant,2,1,6.9,Simulation,0.221183,0.633179,0.335623,0.297556
Exponential,2,1,6.9,Simulation,0.179741,0.675451,0.354946,0.320505
Constant,2,1,7.0,Simulation,0.228518,0.629207,0.333693,0.295514
Exponential,2,1,7.0,Simulation,0.185657,0.671269,0.353752,0.317517
Constant,2,1,7.1,Simulation,0.23569,0.623786,0.330591,0.293195
Exponential,2,1,7.1,Simulation,0.193217,0.66585,0.350444,0.315406
Constant,2,1,7.2,Simulation,0.241789,0.619029,0.328225,0.290804
Exponential,2,1,7.2,Simulation,0.20039,0.66149,0.34736,0.31413
Constant,2,1,7.3,Simulation,0.249263,0.613447,0.325479,0.287968
Exponential,2,1,7.3,Simulation,0.206384,0.656198,0.345461,0.310737
Constant,2,1,7.4,Simulation,0.256895,0.60796,0.322125,0.285835
Exponential,2,1,7.4,Simulation,0.211601,0.65279,0.342841,0.309949
Constant,2,1,7.5,Simulation,0.263568,0.603083,0.319447,0.283636
Exponential,2,1,7.5,Simulation,0.219941,0.646855,0.339863,0.306992
Constant,2,1,7.6,Simulation,0.269282,0.598719,0.317545,0.281174
Exponential,2,1,7.6,Simulation,0.227802,0.640302,0.33636,0.303942
Constant,2,1,7.7,Simulation,0.276888,0.593557,0.314185,0.279372
Exponential,2,1,7.7,Simulation,0.232556,0.63741,0.334969,0.302441
Constant,2,1,7.8,Simulation,0.283812,0.588097,0.310964,0.277133
Exponential,2,1,7.8,Simulation,0.240315,0.631008,0.331813,0.299195
Constant,2,1,7.9,Simulation,0.290331,0.58274,0.308956,0.273784
Exponential,2,1,7.9,Simulation,0.246938,0.626527,0.329263,0.297264
Constant,2,1,8.0,Simulation,0.295535,0.579401,0.30719,0.272211
Exponential,2,1,8.0,Simulation,0.252734,0.621521,0.326986,0.294535
Constant,2,1,8.1,Simulation,0.301995,0.574367,0.304463,0.269904
Exponential,2,1,8.1,Simulation,0.259361,0.617406,0.32418,0.293226
Constant,2,1,8.2,Simulation,0.309099,0.56861,0.301575,0.267035
Exponential,2,1,8.2,Simulation,0.267178,0.611276,0.321039,0.290237
Constant,2,1,8.3,Simulation,0.314764,0.564551,0.298999,0.265552
Exponential,2,1,8.3,Simulation,0.272173,0.607351,0.31945,0.287901
Constant,2,1,8.4,Simulation,0.320999,0.559213,0.296325,0.262888
Exponential,2,1,8.4,Simulation,0.277784,0.603012,0.316482,0.28653
Constant,2,1,8.5,Simulation,0.327224,0.555426,0.294059,0.261367
Exponential,2,1,8.5,Simulation,0.285809,0.595587,0.312272,0.283315
Constant,2,1,8.6,Simulation,0.332006,0.551643,0.291877,0.259766
Exponential,2,1,8.6,Simulation,0.291388,0.59256,0.31107,0.28149
Constant,2,1,8.7,Simulation,0.340504,0.545136,0.288549,0.256587
Exponential,2,1,8.7,Simulation,0.298055,0.586818,0.30828,0.278538
Constant,2,1,8.8,Simulation,0.345824,0.540797,0.285993,0.254804
Exponential,2,1,8.8,Simulation,0.30231,0.584326,0.306618,0.277708
Constant,2,1,8.9,Simulation,0.351684,0.536001,0.284011,0.25199
Exponential,2,1,8.9,Simulation,0.309308,0.578286,0.304102,0.274184
Constant,2,1,9.0,Simulation,0.356413,0.531982,0.281916,0.250066
Exponential,2,1,9.0,Simulation,0.314559,0.574089,0.301182,0.272907
Constant,2,1,9.1,Simulation,0.362783,0.527083,0.278643,0.24844
Exponential,2,1,9.1,Simulation,0.319052,0.570705,0.29987,0.270835
Constant,2,1,9.2,Simulation,0.36793,0.522892,0.276874,0.246018
Exponential,2,1,9.2,Simulation,0.326356,0.564641,0.295467,0.269174
Constant,2,1,9.3,Simulation,0.373553,0.518716,0.274422,0.244294
Exponential,2,1,9.3,Simulation,0.332604,0.559703,0.293813,0.26589
Constant,2,1,9.4,Simulation,0.377866,0.515606,0.272292,0.243314
Exponential,2,1,9.4,Simulation,0.336392,0.55713,0.29163,0.2655
Constant,2,1,9.5,Simulation,0.383667,0.510399,0.269976,0.240423
Exponential,2,1,9.5,Simulation,0.34276,0.551699,0.288886,0.262813
Constant,2,1,9.6,Simulation,0.389738,0.506162,0.267386,0.238776
Exponential,2,1,9.6,Simulation,0.348433,0.547238,0.286488,0.26075
Constant,2,1,9.7,Simulation,0.393844,0.502873,0.265393,0.23748
Exponential,2,1,9.7,Simulation,0.353497,0.543415,0.28455,0.258865
Constant,2,1,9.8,Simulation,0.399912,0.498501,0.263168,0.235333
Exponential,2,1,9.8,Simulation,0.359246,0.5391,0.282367,0.256733
Constant,2,1,9.9,Simulation,0.404864,0.494201,0.261613,0.232588
Exponential,2,1,9.9,Simulation,0.363886,0.535413,0.280942,0.254471
Constant,2,1,10.0,Simulation,0.408762,0.490792,0.259215,0.231577
Exponential,2,1,10.0,Simulation,0.368471,0.53164,0.279302,0.252338
Constant,2,1,10.1,Simulation,0.415202,0.485812,0.256707,0.229105
Exponential,2,1,10.1,Simulation,0.374996,0.525616,0.275681,0.249935
Constant,2,1,10.2,Simulation,0.419421,0.482525,0.254992,0.227533
Exponential,2,1,10.2,Simulation,0.378994,0.522498,0.273996,0.248502
Constant,2,1,10.3,Simulation,0.423404,0.479589,0.25355,0.226039
Exponential,2,1,10.3,Simulation,0.384723,0.518611,0.272046,0.246565
Constant,2,1,10.4,Simulation,0.428524,0.475407,0.25152,0.223887
Exponential,2,1,10.4,Simulation,0.388859,0.514442,0.26918,0.245262
Constant,2,1,10.5,Simulation,0.433173,0.472321,0.249395,0.222926
Exponential,2,1,10.5,Simulation,0.393612,0.511301,0.268316,0.242985
Constant,2,1,10.6,Simulation,0.437029,0.468787,0.247306,0.221481
Exponential,2,1,10.6,Simulation,0.399704,0.505576,0.265287,0.240289
Constant,2,1,10.7,Simulation,0.44251,0.464084,0.244977,0.219107
Exponential,2,1,10.7,Simulation,0.403408,0.503092,0.263496,0.239596
Constant,2,1,10.8,Simulation,0.447082,0.46022,0.242958,0.217262
Exponential,2,1,10.8,Simulation,0.409362,0.498402,0.261042,0.23736
Constant,2,1,10.9,Simulation,0.451759,0.456308,0.241602,0.214706
Exponential,2,1,10.9,Simulation,0.413347,0.494563,0.259531,0.235032
Constant,2,1,11.0,Simulation,0.455111,0.45415,0.239517,0.214633
Exponential,2,1,11.0,Simulation,0.418761,0.490439,0.256672,0.233767
Constant,2,1,11.1,Simulation,0.460247,0.449942,0.23797,0.211972
Exponential,2,1,11.1,Simulation,0.420738,0.488872,0.256305,0.232567
Constant,2,1,11.2,Simulation,0.463672,0.446865,0.236756,0.210109
Exponential,2,1,11.2,Simulation,0.425288,0.485282,0.253862,0.23142
Constant,2,1,11.3,Simulation,0.468006,0.443483,0.234033,0.20945
Exponential,2,1,11.3,Simulation,0.430429,0.481089,0.25186,0.229229
Constant,2,1,11.4,Simulation,0.471679,0.440547,0.232556,0.207991
Exponential,2,1,11.4,Simulation,0.434996,0.477451,0.25009,0.227361
Constant,2,1,11.5,Simulation,0.475536,0.437077,0.230417,0.20666
Exponential,2,1,11.5,Simulation,0.438498,0.474537,0.248691,0.225846
Constant,2,1,11.6,Simulation,0.47956,0.43418,0.229398,0.204782
Exponential,2,1,11.6,Simulation,0.443567,0.470566,0.246121,0.224445
Constant,2,1,11.7,Simulation,0.482805,0.431838,0.227851,0.203987
Exponential,2,1,11.7,Simulation,0.447765,0.466266,0.243939,0.222327
Constant,2,1,11.8,Simulation,0.487951,0.427464,0.22544,0.202024
Exponential,2,1,11.8,Simulation,0.452492,0.462614,0.241665,0.220949
Constant,2,1,11.9,Simulation,0.491719,0.423949,0.224454,0.199495
Exponential,2,1,11.9,Simulation,0.45578,0.460016,0.241159,0.218857
Constant,2,1,12.0,Simulation,0.49471,0.422128,0.222348,0.19978
Exponential,2,1,12.0,Simulation,0.459519,0.456458,0.239055,0.217403
Constant,2,1,12.1,Simulation,0.499507,0.417894,0.220177,0.197717
Exponential,2,1,12.1,Simulation,0.462921,0.454386,0.23802,0.216366
Constant,2,1,12.2,Simulation,0.502442,0.415141,0.218808,0.196333
Exponential,2,1,12.2,Simulation,0.466987,0.450982,0.235936,0.215046
Constant,2,1,12.3,Simulation,0.506713,0.412329,0.217561,0.194768
Exponential,2,1,12.3,Simulation,0.471564,0.447345,0.2342,0.213145
Constant,2,1,12.4,Simulation,0.509624,0.40972,0.216298,0.193422
Exponential,2,1,12.4,Simulation,0.473938,0.44588,0.233561,0.212319
Constant,2,1,12.5,Simulation,0.51289,0.407133,0.214562,0.192571
Exponential,2,1,12.5,Simulation,0.478415,0.441689,0.23161,0.210079
Constant,2,1,12.6,Simulation,0.516548,0.404194,0.213449,0.190745
Exponential,2,1,12.6,Simulation,0.480518,0.439593,0.229541,0.210052
Constant,2,1,12.7,Simulation,0.520351,0.401125,0.211385,0.18974
Exponential,2,1,12.7,Simulation,0.48663,0.434524,0.227758,0.206766
Constant,2,1,12.8,Simulation,0.523227,0.398731,0.210194,0.188537
Exponential,2,1,12.8,Simulation,0.488959,0.432043,0.22645,0.205593
Constant,2,1,12.9,Simulation,0.526708,0.395769,0.208756,0.187013
Exponential,2,1,12.9,Simulation,0.492967,0.429536,0.225525,0.204011
Constant,2,1,13.0,Simulation,0.52954,0.393479,0.207768,0.185711
Exponential,2,1,13.0,Simulation,0.49591,0.426903,0.223056,0.203847
Constant,2,1,13.1,Simulation,0.533097,0.390631,0.206031,0.1846
Exponential,2,1,13.1,Simulation,0.499593,0.423639,0.221485,0.202154
Constant,2,1,13.2,Simulation,0.536105,0.38822,0.204271,0.183949
Exponential,2,1,13.2,Simulation,0.503191,0.421208,0.220235,0.200973
Constant,2,1,13.3,Simulation,0.539471,0.385577,0.202547,0.18303
Exponential,2,1,13.3,Simulation,0.507232,0.417597,0.218467,0.19913
Constant,2,1,13.4,Simulation,0.542948,0.382311,0.201834,0.180477
Exponential,2,1,13.4,Simulation,0.509093,0.416394,0.218039,0.198355
Constant,2,1,13.5,Simulation,0.544557,0.381287,0.20097,0.180317
Exponential,2,1,13.5,Simulation,0.513853,0.412256,0.216315,0.195941
Constant,2,1,13.6,Simulation,0.548417,0.377969,0.199886,0.178083
Exponential,2,1,13.6,Simulation,0.516547,0.410142,0.214451,0.195691
Constant,2,1,13.7,Simulation,0.551795,0.375496,0.197369,0.178127
Exponential,2,1,13.7,Simulation,0.520336,0.406899,0.212981,0.193918
Constant,2,1,13.8,Simulation,0.554435,0.372717,0.196764,0.175953
Exponential,2,1,13.8,Simulation,0.522938,0.404568,0.212055,0.192513
Constant,2,1,13.9,Simulation,0.556714,0.370694,0.195451,0.175243
Exponential,2,1,13.9,Simulation,0.525205,0.40302,0.210538,0.192482
Constant,2,1,14.0,Simulation,0.559932,0.368969,0.194559,0.17441
Exponential,2,1,14.0,Simulation,0.528866,0.399921,0.208969,0.190952
Constant,2,1,14.1,Simulation,0.563734,0.365729,0.192909,0.17282
Exponential,2,1,14.1,Simulation,0.530882,0.398089,0.208449,0.18964
Constant,2,1,14.2,Simulation,0.566553,0.363058,0.19164,0.171418
Exponential,2,1,14.2,Simulation,0.534897,0.394871,0.206966,0.187905
Constant,2,1,14.3,Simulation,0.568969,0.36147,0.190389,0.171081
Exponential,2,1,14.3,Simulation,0.53853,0.39172,0.204925,0.186795
Constant,2,1,14.4,Simulation,0.571527,0.358733,0.189332,0.169401
Exponential,2,1,14.4,Simulation,0.54112,0.38987,0.204501,0.185369
Constant,2,1,14.5,Simulation,0.574654,0.356443,0.187585,0.168858
Exponential,2,1,14.5,Simulation,0.543579,0.387492,0.202714,0.184778
Constant,2,1,14.6,Simulation,0.577155,0.354607,0.18708,0.167527
Exponential,2,1,14.6,Simulation,0.544846,0.385952,0.201958,0.183994
Constant,2,1,14.7,Simulation,0.579229,0.352383,0.186729,0.165654
Exponential,2,1,14.7,Simulation,0.547926,0.383599,0.200373,0.183226
Constant,2,1,14.8,Simulation,0.582966,0.349924,0.183827,0.166097
Exponential,2,1,14.8,Simulation,0.552585,0.37972,0.198998,0.180722
Constant,2,1,14.9,Simulation,0.584225,0.348583,0.183514,0.165069
Exponential,2,1,14.9,Simulation,0.553807,0.378924,0.198497,0.180427
Constant,2,1,15.0,Simulation,0.587133,0.345866,0.18248,0.163386
Exponential,2,1,15.0,Simulation,0.558285,0.375107,0.195961,0.179146
Constant,2,1,15.1,Simulation,0.589891,0.34366,0.180516,0.163144
Exponential,2,1,15.1,Simulation,0.559581,0.374201,0.195824,0.178377
Constant,2,1,15.2,Simulation,0.59278,0.341449,0.179795,0.161654
Exponential,2,1,15.2,Simulation,0.563687,0.370897,0.193915,0.176982
Constant,2,1,15.3,Simulation,0.594388,0.339896,0.179033,0.160863
Exponential,2,1,15.3,Simulation,0.565769,0.368736,0.193175,0.175561
Constant,2,1,15.4,Simulation,0.597413,0.337725,0.177565,0.16016
Exponential,2,1,15.4,Simulation,0.568989,0.365982,0.191401,0.174581
Constant,2,1,15.5,Simulation,0.599874,0.33525,0.17708,0.15817
Exponential,2,1,15.5,Simulation,0.570156,0.36526,0.191037,0.174223
Constant,2,1,15.6,Simulation,0.602046,0.333895,0.175465,0.15843
Exponential,2,1,15.6,Simulation,0.573104,0.362681,0.189705,0.172976
Constant,2,1,15.7,Simulation,0.603983,0.332295,0.175178,0.157117
Exponential,2,1,15.7,Simulation,0.576058,0.359982,0.188663,0.171319
Constant,2,1,15.8,Simulation,0.60672,0.32994,0.173978,0.155962
Exponential,2,1,15.8,Simulation,0.577271,0.359246,0.188161,0.171085
Constant,2,1,15.9,Simulation,0.609622,0.326814,0.172369,0.154445
Exponential,2,1,15.9,Simulation,0.580774,0.356518,0.186036,0.170482
Constant,2,1,16.0,Simulation,0.611567,0.325903,0.171951,0.153952
Exponential,2,1,16.0,Simulation,0.583041,0.354656,0.185543,0.169113
Constant,2,1,16.1,Simulation,0.613753,0.324153,0.170653,0.1535
Exponential,2,1,16.1,Simulation,0.585371,0.352321,0.18451,0.167811
Constant,2,1,16.2,Simulation,0.615263,0.322761,0.170051,0.15271
Exponential,2,1,16.2,Simulation,0.587491,0.350776,0.183432,0.167344
Constant,2,1,16.3,Simulation,0.618655,0.319936,0.168878,0.151058
Exponential,2,1,16.3,Simulation,0.591197,0.347266,0.181414,0.165852
Constant,2,1,16.4,Simulation,0.620482,0.318766,0.167761,0.151005
Exponential,2,1,16.4,Simulation,0.593042,0.345806,0.180734,0.165072
Constant,2,1,16.5,Simulation,0.623126,0.316425,0.167314,0.149111
Exponential,2,1,16.5,Simulation,0.594913,0.34404,0.180009,0.164031
Constant,2,1,16.6,Simulation,0.624443,0.314861,0.166429,0.148432
Exponential,2,1,16.6,Simulation,0.598817,0.341618,0.178439,0.163179
Constant,2,1,16.7,Simulation,0.627049,0.313219,0.164921,0.148298
Exponential,2,1,16.7,Simulation,0.599244,0.341034,0.178986,0.162048
Constant,2,1,16.8,Simulation,0.629053,0.311455,0.164244,0.147211
Exponential,2,1,16.8,Simulation,0.602525,0.337609,0.177076,0.160533
Constant,2,1,16.9,Simulation,0.630287,0.309968,0.163331,0.146637
Exponential,2,1,16.9,Simulation,0.603999,0.336932,0.176343,0.160589
Constant,2,1,17.0,Simulation,0.632299,0.30877,0.162547,0.146223
Exponential,2,1,17.0,Simulation,0.605457,0.33599,0.175321,0.160669
Constant,2,1,17.1,Simulation,0.63449,0.307201,0.161827,0.145374
Exponential,2,1,17.1,Simulation,0.608205,0.333038,0.174115,0.158923
Constant,2,1,17.2,Simulation,0.636908,0.304611,0.160943,0.143668
Exponential,2,1,17.2,Simulation,0.61131,0.33072,0.173107,0.157613
Constant,2,1,17.3,Simulation,0.639054,0.303474,0.159406,0.144068
Exponential,2,1,17.3,Simulation,0.612789,0.329516,0.172491,0.157025
Constant,2,1,17.4,Simulation,0.640399,0.301738,0.159095,0.142643
Exponential,2,1,17.4,Simulation,0.615257,0.327063,0.170936,0.156127
Constant,2,1,17.5,Simulation,0.643446,0.299674,0.157624,0.14205
Exponential,2,1,17.5,Simulation,0.617558,0.325873,0.170647,0.155226
Constant,2,1,17.6,Simulation,0.644559,0.298557,0.15695,0.141607
Exponential,2,1,17.6,Simulation,0.617945,0.325225,0.169649,0.155576
Constant,2,1,17.7,Simulation,0.645781,0.297286,0.156349,0.140937
Exponential,2,1,17.7,Simulation,0.619866,0.323107,0.169364,0.153743
Constant,2,1,17.8,Simulation,0.647967,0.295596,0.155263,0.140333
Exponential,2,1,17.8,Simulation,0.623061,0.320764,0.168253,0.152511
Constant,2,1,17.9,Simulation,0.649977,0.293898,0.154758,0.13914
Exponential,2,1,17.9,Simulation,0.624686,0.319523,0.167194,0.152329
Constant,2,1,18.0,Simulation,0.651817,0.292638,0.154798,0.13784
Exponential,2,1,18.0,Simulation,0.626336,0.318127,0.166685,0.151442
Constant,2,1,18.1,Simulation,0.653394,0.291407,0.153631,0.137776
Exponential,2,1,18.1,Simulation,0.629074,0.315967,0.165805,0.150162
Constant,2,1,18.2,Simulation,0.65612,0.288961,0.152528,0.136433
Exponential,2,1,18.2,Simulation,0.630957,0.313888,0.164166,0.149722
Constant,2,1,18.3,Simulation,0.657297,0.288122,0.151648,0.136474
Exponential,2,1,18.3,Simulation,0.63317,0.312346,0.163458,0.148888
Constant,2,1,18.4,Simulation,0.658785,0.286852,0.151303,0.135549
Exponential,2,1,18.4,Simulation,0.634204,0.311401,0.163124,0.148277
Constant,2,1,18.5,Simulation,0.660826,0.284559,0.149844,0.134715
Exponential,2,1,18.5,Simulation,0.636085,0.310084,0.161781,0.148303
Constant,2,1,18.6,Simulation,0.662903,0.283593,0.149536,0.134057
Exponential,2,1,18.6,Simulation,0.637504,0.308403,0.161512,0.146891
Constant,2,1,18.7,Simulation,0.664632,0.281984,0.147789,0.134195
Exponential,2,1,18.7,Simulation,0.639327,0.307025,0.160706,0.146319
Constant,2,1,18.8,Simulation,0.666203,0.28096,0.147931,0.133029
Exponential,2,1,18.8,Simulation,0.642222,0.305082,0.159832,0.14525
Constant,2,1,18.9,Simulation,0.667416,0.279544,0.147341,0.132203
Exponential,2,1,18.9,Simulation,0.644132,0.303128,0.158275,0.144853
Constant,2,1,19.0,Simulation,0.67005,0.27752,0.146366,0.131154
Exponential,2,1,19.0,Simulation,0.644258,0.302672,0.158131,0.144541
Constant,2,1,19.1,Simulation,0.670802,0.277092,0.145764,0.131328
Exponential,2,1,19.1,Simulation,0.647148,0.300539,0.157554,0.142985
Constant,2,1,19.2,Simulation,0.672362,0.275221,0.145398,0.129823
Exponential,2,1,19.2,Simulation,0.648099,0.299322,0.15684,0.142482
Constant,2,1,19.3,Simulation,0.67426,0.274023,0.143943,0.13008
Exponential,2,1,19.3,Simulation,0.650274,0.297859,0.155711,0.142148
Constant,2,1,19.4,Simulation,0.675337,0.27286,0.143957,0.128903
Exponential,2,1,19.4,Simulation,0.652772,0.295609,0.154536,0.141073
Constant,2,1,19.5,Simulation,0.677336,0.271258,0.142717,0.128541
Exponential,2,1,19.5,Simulation,0.654945,0.29408,0.153694,0.140386
Constant,2,1,19.6,Simulation,0.679315,0.269374,0.141571,0.127803
Exponential,2,1,19.6,Simulation,0.655344,0.29327,0.153466,0.139804
Constant,2,1,19.7,Simulation,0.68117,0.268291,0.141412,0.126879
Exponential,2,1,19.7,Simulation,0.657203,0.292049,0.152803,0.139246
Constant,2,1,19.8,Simulation,0.682511,0.267183,0.140665,0.126518
Exponential,2,1,19.8,Simulation,0.658777,0.290904,0.151907,0.138997
Constant,2,1,19.9,Simulation,0.683748,0.266299,0.14029,0.126009
Exponential,2,1,19.9,Simulation,0.659642,0.290049,0.151723,0.138326
Constant,2,1,20.0,Simulation,0.685225,0.264731,0.139719,0.125012
Exponential,2,1,20.0,Simulation,0.661053,0.288585,0.151076,0.137509
